origin,destination,passengers
20,16,5379
34,22,5631
25,34,1943
67,22,5750
14,97,2290
97,14,313
1,83,324182
89,1,214623
94,1,338686
43,82,221
58,54,759
12,14,373122
38,94,982
75,1,346606
54,73,625
29,19,167608
34,18,117580
33,43,100075
71,1,298622
15,4,525538
49,18,161389
22,80,158982
1,50,313927
1,7,1191210
47,12,165311
1,27,856254
68,63,12
11,23,547492
46,38,6228
93,61,68
27,89,75
47,1,375945
50,15,93547
14,38,232616
63,47,53
8,20,357273
9,11,458856
38,16,248799
17,1,466195
60,64,66
27,13,163220
93,13,36544
7,13,515356
35,46,42690
24,63,19341
7,12,868513
3,21,455427
29,90,5
82,12,9614
27,68,7206
15,37,57408
19,13,231828
18,42,121222
42,18,126742
16,45,47140
27,14,297139
24,30,1809
27,15,246219
32,15,220648
9,46,190234
5,37,182716
6,47,127662
57,11,136
5,1,791335
23,19,159778
40,19,1285
16,6,243823
17,23,318496
23,17,328489
11,17,900131
17,18,3363
12,17,2575
16,20,4117
5,56,1197
56,5,1240
14,80,39
66,91,59
53,16,9328
26,45,837
45,26,6376
57,4,132821
84,41,8
12,24,20904
7,27,14921
69,48,162689
48,69,161141
71,50,185
84,23,140
24,17,6403
46,50,658
31,48,955829
48,31,948669
67,34,46373
55,18,18334
76,31,620156
53,42,1034
42,16,18786
5,23,55248
23,5,63452
9,78,137277
84,5,8291
27,42,4140
46,71,1100
71,46,118
55,12,2128
32,10,585917
10,32,566109
26,13,252571
53,7,4548
12,86,32885
31,69,585698
69,31,610931
25,12,3890
46,4,180416
7,20,206567
4,46,169173
25,17,89078
94,58,182
14,17,455872
17,14,456308
30,26,258969
3,26,494260
7,16,477442
6,56,244235
56,6,243877
71,51,14
76,48,116126
48,76,114583
49,19,76529
16,27,251790
27,16,247324
83,63,80
30,13,129535
43,81,314
8,1,406501
50,19,77689
19,50,77095
28,50,662
50,28,394
5,6,1136509
19,57,102698
30,45,298863
6,9,766108
63,33,614
1,58,368142
49,67,206
46,47,85
76,69,28325
50,4,156433
4,50,156198
91,55,126
70,78,4
78,70,586
33,28,134014
54,53,451
55,25,177031
25,55,170384
4,71,97630
96,30,104343
91,19,70018
57,15,132438
94,71,194
13,37,359384
19,71,50757
50,33,225
5,39,435067
39,5,427341
33,50,347
50,94,168
50,57,3534
57,50,3719
23,99,8080
99,70,1940
77,71,2
56,9,267930
9,56,269389
71,77,120
50,8,119771
5,11,1059972
11,5,1041503
61,33,79114
33,61,79110
14,91,39826
92,21,110164
9,70,216322
37,63,497
33,81,48750
81,61,168
1,38,557356
25,8,337499
56,11,111125
25,14,276880
5,9,661137
9,5,683531
50,1,313749
46,63,197
50,34,46307
36,56,198558
64,5,205205
21,2,716473
15,43,92067
94,46,102
50,63,312
63,50,221
7,1,1185203
49,55,3845
27,1,861081
28,4,351490
56,78,380
4,28,373089
50,66,139
14,34,170809
50,67,49
67,50,88
11,84,152761
30,63,40046
13,81,96390
25,50,88178
50,25,86121
46,1,404375
15,33,151268
33,15,153359
7,94,3351
67,19,56036
50,91,109
30,43,187176
43,30,188704
91,50,109
33,68,65981
20,58,28029
28,37,131608
37,28,123614
58,25,118998
46,96,49
33,1,365599
58,71,9232
58,16,47004
16,58,47880
71,43,263
70,45,80527
45,70,78954
50,24,63972
24,50,65076
27,8,422556
19,17,139231
17,19,135591
96,45,181
51,63,446
49,1,308867
19,15,272382
15,19,266272
50,43,333
77,43,92
43,50,440
40,32,226726
32,11,385544
30,70,167032
70,30,175331
14,47,107630
70,68,525
68,70,155
50,12,111043
12,50,110481
29,34,87637
18,50,112665
24,46,80012
50,17,42873
17,50,41176
5,21,608396
21,5,618540
29,1,353767
1,19,655033
1,16,863311
19,1,644272
16,1,856630
99,2,1764
15,50,95966
1,4,595401
4,1,588457
17,94,282
28,27,186435
50,61,36
61,50,36
71,37,7086
9,39,286681
39,9,283947
50,86,52
63,45,575
60,56,342
14,19,285767
94,16,20247
16,94,20135
46,12,105763
50,81,190
81,50,189
49,63,12
13,28,247470
55,50,144
50,55,147
99,40,2737
81,70,4
33,66,157
16,37,179248
37,16,177518
2,15,715278
71,68,378
13,1,494919
37,43,36800
10,21,426762
21,10,428134
1,43,354835
47,43,173
43,47,70
28,15,192313
50,37,14265
37,50,14491
43,45,1714
45,43,1534
58,96,318
70,5,98302
5,70,87348
12,4,672404
7,71,95942
4,12,687887
67,27,25418
71,30,8428
96,47,61
1,3,783411
3,1,780322
72,11,50307
17,4,194755
4,17,194898
12,1,654398
12,28,172177
14,50,95009
50,14,101643
50,68,76
50,7,214149
7,50,213712
1,17,478924
28,17,138774
50,27,93383
27,50,89721
2,26,487554
35,89,11573
25,7,643885
13,27,163940
13,71,44083
26,78,565
3,4,718043
4,3,710266
71,35,20257
28,16,210728
50,3,161008
3,50,166986
2,56,281703
56,2,295369
45,28,91353
16,67,43059
46,7,245712
68,9,126290
70,43,72
5,32,427056
43,70,126
42,71,13327
94,13,22141
56,32,42015
32,56,40554
61,21,52757
25,27,319323
94,35,12565
35,94,12968
2,23,653586
63,16,44635
16,63,45721
5,2,768233
10,6,817631
50,13,60749
13,50,62374
27,49,93996
50,42,99565
2,4,923912
60,40,35932
1,15,516682
15,1,515026
51,30,45856
30,51,44953
46,26,86651
25,20,451091
4,13,629417
26,27,136367
8,3,508230
45,71,9
71,45,67
7,17,645067
5,72,49011
1,14,605271
14,1,592825
25,16,299695
16,25,303758
50,16,63527
16,50,65202
53,24,155815
5,10,766043
10,5,765393
23,92,2761
10,56,220434
20,35,125612
26,50,59074
50,26,56839
13,16,390319
16,13,388564
70,82,70
45,27,42297
26,4,359653
4,26,348520
46,45,142
2,32,470005
15,21,242250
21,15,249852
51,35,38744
17,27,296536
7,4,741473
4,7,739980
13,9,245958
32,9,338457
9,13,251934
9,32,344360
4,27,415061
27,4,409851
16,24,483894
35,9,206966
50,45,390
1,97,75260
17,15,132503
15,17,128336
43,99,137
37,15,57212
16,44,402605
44,16,406855
20,44,327692
44,20,332511
55,15,95039
6,30,274757
16,33,112689
50,2,213408
2,50,220544
12,16,589571
16,12,595259
17,16,877594
16,17,898110
24,37,105994
57,45,76
26,16,248017
16,26,248227
30,20,104119
20,30,101336
55,27,82651
27,55,84822
4,42,334670
7,14,599050
23,45,50285
45,23,50591
12,61,213
37,12,158810
81,16,3015
21,100,291
60,71,150
29,16,117052
16,29,110877
4,20,382268
34,13,200722
26,56,36391
56,26,39217
14,53,205130
16,4,570085
4,16,567472
45,19,65365
25,13,143832
3,5,942494
13,25,145153
5,3,933588
44,27,175166
27,44,171705
43,20,50709
21,57,21510
63,9,49886
70,57,67
15,27,243664
13,56,30027
26,25,142047
25,26,140065
51,60,138
3,17,228739
15,10,422593
10,15,415391
12,13,527059
17,13,46270
15,32,225111
51,70,172
70,51,59
38,44,32843
59,10,909870
10,59,915123
50,21,84113
21,50,85976
19,70,2
40,30,82603
40,45,140
11,30,37146
19,21,230675
11,43,8359
41,15,73716
21,51,35
70,58,497
59,32,55029
32,59,52337
33,56,448
1,44,194354
33,23,49114
77,99,28632
50,9,35428
9,50,36078
6,28,197382
1,21,469507
21,1,467561
2,12,417081
63,5,58823
13,11,466559
11,13,467182
3,10,533406
6,50,135643
56,4,996
4,10,619252
4,32,247874
32,4,248831
5,4,1059428
4,5,1043026
51,72,151
28,5,255458
32,13,102326
5,71,26210
71,5,26159
4,11,733587
11,4,733569
63,44,3
44,63,3
50,23,3705
23,50,4034
50,5,58077
5,50,60031
1,5,795557
50,10,79826
10,50,83861
21,12,96731
28,10,141342
19,5,405126
5,19,414909
40,71,121
17,21,300398
13,44,112814
59,11,27404
11,59,29629
50,11,65
11,50,205
94,5,6
27,56,133
9,12,346448
75,52,3
1,32,193134
1,10,494181
10,1,502447
5,7,416733
7,5,415556
5,42,15557
42,5,13338
23,16,54634
25,56,141
5,16,548772
16,5,543320
59,5,45678
5,59,42699
32,25,172
11,27,62998
27,11,62253
31,11,550238
11,31,545515
24,5,333904
31,40,181655
40,31,177410
58,10,44445
11,34,371860
39,7,4
17,10,426662
10,17,433258
12,5,840445
55,32,93
17,5,1278305
5,17,1280487
69,5,285585
5,69,294013
17,36,45782
31,5,1043872
5,31,1048898
12,11,762902
23,14,166616
31,56,52437
31,32,125766
31,10,373720
10,31,361011
14,11,507575
16,10,82410
10,16,86224
59,31,21665
48,9,125889
59,4,106782
4,59,102884
59,19,3
59,3,54400
3,59,51399
59,50,1
59,28,3
59,13,15448
13,59,14499
59,34,67
34,59,642
59,12,14468
12,59,13257
59,17,16
17,59,7
59,1,28048
1,59,29045
3,31,158834
31,3,164308
13,31,91264
59,16,25
31,63,2
31,4,96009
4,31,92468
12,31,61175
31,12,61810
17,31,75430
84,39,19559
39,84,18969
11,9,446162
92,11,31322
26,21,157784
29,46,1430
19,49,74655
46,19,92339
49,24,80614
47,29,132822
40,41,313568
81,26,42254
35,81,70655
24,57,41762
40,92,180
6,23,728979
21,6,505238
5,36,365471
52,5,563
5,52,663
6,52,464062
8,65,215307
17,87,74683
92,32,1626
52,40,349608
40,52,355438
83,54,254
37,1,569746
35,5,142485
14,68,636
52,83,2
54,52,2
52,6,466751
79,39,108614
45,9,279965
84,21,57298
81,43,113
34,25,2485
41,52,29
55,14,1166
14,55,357
34,65,81068
20,73,8
73,20,1097
20,7,210264
28,63,556
45,30,289884
33,29,207147
25,87,86367
53,54,19
34,51,59158
24,38,163726
38,71,593
58,28,77131
52,21,116264
38,73,4
54,96,1
26,28,234401
36,93,393
46,20,107853
30,64,2942
52,98,1
98,52,1
20,27,145400
66,55,80
8,34,182638
52,11,207592
66,67,1
34,14,177360
64,41,5946
74,16,2468
28,3,328971
3,28,333625
8,80,148090
65,53,2283
41,2,469552
54,3,208437
21,3,455885
26,23,239150
23,26,247867
23,30,149331
52,29,25930
29,52,26852
16,78,504
23,8,186085
5,53,7562
53,5,6463
91,11,1
27,73,2113
80,14,1315
29,57,446
28,89,368
89,28,835
27,53,597
12,87,38555
20,90,364
41,6,559058
24,49,82168
34,91,40303
86,25,184861
25,86,172714
87,97,2
35,37,202736
34,86,41094
14,25,273456
39,23,580423
8,27,421065
28,34,98396
34,28,95991
8,33,219168
63,54,75
30,60,169450
21,79,78374
90,28,15725
57,25,76222
28,26,226661
32,6,416968
30,29,261939
50,53,13436
34,15,73388
66,27,88506
61,6,121063
30,67,142
3,41,391357
52,45,402
16,77,7641
30,41,44716
26,79,70617
90,44,4
44,90,2
35,84,2
6,15,526115
26,40,48708
40,26,44143
40,15,115
14,26,162760
78,25,130
52,8,116
8,52,101
58,41,2
34,84,52
52,34,2
39,34,114
34,40,72
40,34,68
87,86,565
14,18,383855
18,14,379371
91,24,39706
87,25,84831
66,24,50542
29,82,542
54,38,217
60,26,72525
58,37,14079
19,61,50858
64,60,282
8,35,94
75,45,122
30,5,183602
37,21,48194
34,44,58890
44,34,63651
20,5,278026
69,11,160692
94,28,4661
66,18,65942
51,66,118
11,52,199200
38,24,164973
67,58,7092
30,28,220582
78,68,469
51,42,78494
24,16,471907
87,12,37393
27,20,154263
18,91,45673
24,91,39840
66,25,170583
68,35,124156
93,30,117165
23,70,23268
18,28,358505
37,38,7717
30,23,149905
30,11,36717
34,49,67681
49,34,68973
91,18,46348
66,51,46
58,27,20639
27,58,21238
39,6,347949
78,41,60
3,33,231559
28,93,496
6,61,124031
15,14,311999
28,41,42568
41,28,44299
59,9,39306
6,5,1134640
29,28,222921
39,32,270602
6,32,416769
7,81,17
87,18,49781
86,24,46957
18,66,66595
32,40,217204
84,32,40270
81,7,27
52,69,8
69,52,20
40,39,109
41,5,1174
53,20,5537
57,29,4848
31,76,616593
90,85,538
84,52,144
54,85,177
85,54,284
54,7,8453
26,35,176683
28,71,12
73,53,1
64,40,52329
54,90,139
54,58,206
23,6,737797
84,9,148084
66,34,46077
52,39,244200
98,23,37286
20,54,42908
54,20,43414
8,28,337530
8,54,254566
54,8,252335
71,8,123698
40,5,416923
84,78,57
58,65,5522
65,58,5761
6,21,487727
41,40,325470
6,39,348795
6,36,548330
84,11,162238
33,47,57173
14,49,120127
66,8,112326
8,29,90261
28,68,4194
54,25,131689
33,34,20341
8,14,497613
35,54,40790
54,35,38757
37,82,267
82,34,338
49,20,116857
29,53,2383
54,44,20433
44,54,21067
6,96,17140
39,35,45716
41,66,491
41,48,109
35,26,172235
90,54,1
35,30,410063
6,98,192986
55,34,116326
9,41,473499
79,11,130
11,79,3
24,47,65907
58,53,2908
20,88,2073
88,20,2144
9,40,248478
38,20,101427
4,30,138994
32,41,119247
26,9,334698
20,33,103199
96,6,15901
63,11,301
40,28,8144
28,11,39989
23,25,52813
39,48,156458
34,39,18
6,69,35437
2,93,275540
86,55,167
5,84,6802
61,82,640
75,73,253
41,9,449520
28,58,77772
63,26,6474
11,21,276108
28,90,17191
64,92,2
28,30,230256
58,12,116747
12,58,118719
62,52,14843
20,37,184480
28,53,234
29,30,263515
93,41,2
20,63,20598
9,30,329643
20,34,98426
16,34,56261
20,29,152131
29,20,156663
6,35,221322
52,26,52184
41,51,2
25,6,224761
41,75,2
27,41,50
73,41,5
39,49,94
5,34,350869
41,53,2
52,31,2
84,48,5
6,84,48555
41,39,304216
6,64,382832
89,34,26922
28,54,99726
27,28,186492
30,89,149
14,71,10095
75,35,37045
37,100,3
20,96,3
96,20,3
30,6,269755
20,18,620289
6,26,405729
34,30,236
30,92,2675
26,52,52303
35,24,2456
29,41,37043
75,5,3
6,20,121704
39,69,76627
11,56,105522
11,6,632933
75,20,3403
28,38,156904
68,33,70276
75,34,32279
41,21,224781
85,28,14962
71,73,9938
35,75,38059
41,92,196
96,53,4
78,92,8
30,21,78012
21,30,76154
29,60,48848
21,96,4
73,86,4
41,30,41365
17,81,4
44,75,4
39,30,82946
15,40,176
79,71,4
6,54,2594
32,37,54
39,31,202050
34,11,359676
48,41,8
40,53,19
41,31,23215
69,6,39367
76,84,4
6,41,555333
75,85,159
85,75,174
30,35,420042
41,11,266700
8,24,404979
21,41,223163
92,39,86
58,61,5
30,34,226
26,5,505186
55,30,21
30,55,141
24,44,256712
44,24,262674
9,27,105624
27,9,107554
84,76,5
98,39,62
39,98,12
28,8,331138
34,7,197604
7,34,202871
63,20,20691
61,58,6
51,23,6
34,23,120628
69,39,71771
32,14,56991
76,41,16
11,41,266988
64,23,76649
9,6,785356
73,49,32179
5,27,137376
40,48,139174
48,40,139858
41,24,297
31,41,26553
5,14,555772
35,8,105
86,27,16125
30,84,877
84,30,979
27,5,130551
35,45,179115
45,35,185456
91,34,40408
66,38,11587
35,29,227458
35,16,126736
92,29,275
35,39,42680
12,34,177930
72,62,49777
5,40,428584
14,29,148921
42,46,100600
30,53,175
26,34,117511
34,26,114292
97,42,6741
6,53,11
53,6,3
34,67,44366
39,41,296562
9,52,329188
6,11,639683
25,96,269
53,29,2205
5,68,37449
21,37,50241
96,39,2
79,1,202
11,14,521009
39,4,34438
39,75,3
19,46,90775
58,7,13588
23,39,594830
70,3,296132
68,5,37300
54,27,3872
52,9,318851
28,29,221480
92,6,81282
45,6,201011
28,39,22242
53,92,30
23,34,124302
40,75,10
75,40,5
29,93,51918
5,94,6
26,68,53351
62,9,163364
31,64,156
26,41,81674
64,52,36105
57,56,9
9,62,163323
45,5,156121
11,40,206
39,11,1038
84,6,47305
6,79,199281
1,53,534873
53,1,542190
28,7,307584
34,53,16497
53,34,17697
34,16,53818
51,26,33624
21,45,88246
53,14,207940
16,14,566174
26,39,143889
92,53,26
53,39,3
11,92,31717
86,6,1
11,53,156
40,11,215
40,21,218038
21,40,221729
11,26,226005
26,80,2
11,24,163218
14,51,63071
11,20,114367
14,28,213632
6,16,244091
20,11,111286
11,62,96077
42,26,532
27,52,7
53,40,28
39,92,15
48,39,152991
79,69,8
48,21,24127
90,73,169
39,40,4
5,41,1246
20,53,920
16,53,141
36,40,422
41,23,15
24,34,11578
7,53,2081
80,97,369
51,49,1058
98,11,52520
30,68,770
68,30,6096
27,54,964
26,30,266832
13,30,126336
41,98,1
32,72,73775
47,34,107588
39,52,243401
37,35,213756
49,29,158458
6,40,609359
40,6,619996
33,51,69590
41,64,5668
84,40,68509
53,58,2049
57,49,478
26,37,179763
28,47,88065
71,75,5148
34,75,31234
11,32,386126
4,96,69917
32,39,264010
34,29,89593
7,28,305691
23,21,294644
2,6,1026838
12,89,17295
53,37,444
24,28,227676
5,60,148782
70,21,2
6,92,80571
93,26,348
12,57,45286
72,39,49416
17,57,37057
53,28,10
89,30,50
27,34,113983
52,32,57550
32,52,57063
49,90,19223
34,42,62877
43,34,21905
53,51,2027
53,35,157
18,73,53415
6,3,842627
20,47,140947
42,17,155778
15,74,26794
45,21,92772
20,26,147455
4,53,53132
53,80,24199
52,3,97140
30,79,43000
92,26,3791
39,26,145359
29,6,367681
5,48,511292
32,48,95633
79,31,106924
29,47,131073
36,6,545236
23,11,570265
40,10,309063
98,2,116310
33,92,1
35,6,222818
29,21,85834
35,17,1
3,14,430166
2,17,167885
72,35,1
35,72,1
39,28,23356
28,40,9625
51,41,5
39,1,84354
16,11,165879
80,11,1
53,27,370
64,39,31159
38,58,576
33,4,202184
82,4,149908
51,28,76574
51,33,64790
21,32,277040
29,12,264
30,54,4392
73,24,33360
42,49,61147
3,6,851444
26,6,392183
34,21,44025
21,34,44966
16,21,63236
89,39,2
6,25,237178
59,21,25228
41,34,192
11,48,304035
73,39,2
40,58,2
12,10,266982
55,84,2
16,40,373
11,80,150
6,48,105466
6,31,299368
44,21,2
52,23,124
39,64,30424
39,79,102940
57,28,87072
21,39,165292
54,30,4726
6,45,207162
79,30,44525
53,97,10
11,29,7648
23,94,279
39,59,3
48,11,305200
41,69,8
48,84,3
79,40,169124
79,70,4
26,71,11219
66,53,4
21,66,4
6,7,169142
37,32,65
52,75,4
69,40,61286
31,23,235877
41,76,4
44,11,4
48,26,4
36,5,371438
41,32,118440
18,53,243342
97,20,736
9,57,151047
53,78,5
78,53,5
36,28,5
24,6,245904
41,87,5
58,39,5
40,69,56191
24,52,5
31,39,201210
76,11,86490
11,76,88041
25,11,38918
48,64,12
69,84,16
21,48,25479
28,51,82590
53,89,2794
35,11,99
11,35,150
44,47,6
21,24,52287
90,6,6
53,84,68
11,69,161294
40,76,93162
83,30,83608
92,40,23
12,35,180
30,40,76999
23,28,67172
46,5,74996
5,46,77385
71,41,7
53,52,7
69,23,43055
20,40,19
92,69,7
46,29,5352
79,6,194421
30,81,119966
47,25,92174
19,24,175292
60,6,151032
30,71,8148
92,41,324
21,7,303669
64,27,8
24,64,8
79,48,79419
20,39,53
39,20,8
17,39,28437
51,34,58131
37,83,79
51,8,157516
24,19,180330
26,11,230738
65,39,9
97,39,9
33,82,63370
30,96,104189
8,51,162550
23,40,384596
29,24,179975
20,28,205319
25,53,113944
92,30,2810
92,28,15442
54,6,2410
40,23,372707
82,37,80
30,42,12142
58,79,11
51,29,154879
20,8,359598
28,24,228845
73,51,16406
84,61,12
29,33,208159
7,49,228527
49,7,219773
34,20,99027
24,27,312511
48,23,111156
58,75,952
24,25,997
64,11,92891
34,17,39807
54,16,118706
16,54,123996
78,84,2
75,53,3
64,79,70184
37,30,247328
5,78,157287
71,34,25421
6,60,153614
34,97,39403
62,39,73631
74,17,41
25,28,169786
38,27,134225
79,21,77898
25,29,198277
61,28,1355
26,60,77596
58,17,137948
41,60,924
16,38,257850
19,75,19738
28,55,49957
60,11,35937
80,28,6518
90,30,70
39,93,434
35,53,414
26,54,21013
13,20,292956
29,26,175523
7,30,253551
29,73,59193
73,29,65656
44,53,1349
45,20,1816
25,68,162
24,35,1846
45,64,137
78,29,21214
37,6,134760
29,84,251
84,29,153
23,29,141098
11,54,352
36,69,9435
39,76,60157
23,69,46381
74,38,660
38,74,111
11,64,93014
47,24,63174
8,53,225385
58,14,80352
26,29,176139
30,25,181430
78,4,80628
6,29,386571
93,97,1
11,37,40029
11,19,180316
64,75,1
38,32,144
11,58,3912
40,7,1
80,59,1
23,52,140
38,67,658
19,29,178118
9,23,619078
16,74,3518
54,34,90662
24,29,179010
78,26,135
53,25,114579
40,60,39938
20,13,291856
18,20,598639
30,65,4436
65,30,4317
5,26,502883
14,16,558020
29,23,147014
57,41,2
54,9,18
92,38,2
39,37,152
21,16,65291
39,51,115
1,11,390663
11,1,392481
44,3,63079
64,20,2
12,39,97
81,30,111486
28,33,123853
21,23,292555
64,78,3
29,58,62838
97,53,6
27,92,3
14,21,154964
56,20,3
6,80,179
69,41,8
14,5,540154
74,69,3
65,31,3
75,54,1418
58,8,232835
74,20,60420
93,84,4
7,25,642109
29,14,148184
51,53,2182
29,78,19317
41,29,36563
77,11,163
92,27,12
84,75,4
75,84,4
40,89,4
6,24,248421
41,7,4
74,41,4
41,74,11
80,79,188
31,6,296387
48,30,4
54,75,521
77,19,131310
19,22,226911
20,74,64434
21,56,122156
80,75,5
57,53,5
28,36,5
31,52,5
8,74,177139
74,8,181669
30,37,250998
89,53,2628
5,92,26419
54,26,20492
53,57,6
15,6,519349
21,53,334
17,6,431824
23,48,117425
20,25,455739
92,45,7
6,51,125051
71,40,126
74,84,7
20,6,117970
52,25,7
11,16,166440
69,92,7
35,3,104339
4,8,477409
9,36,343343
24,45,6193
28,23,72851
25,52,8
54,41,9
41,54,9
64,48,9
92,5,26280
69,8,10
37,9,67556
79,58,11
69,26,11
27,24,320207
74,21,13
21,74,13
79,23,132
34,87,56251
44,7,882135
8,73,125097
12,53,333852
53,12,337936
1,24,646967
7,6,169161
30,90,69
46,28,3938
48,79,76570
34,6,96873
91,41,10
13,35,1776
73,16,2737
69,76,27834
51,57,238
40,79,169763
80,34,28656
51,12,87450
63,35,48171
21,9,503887
22,28,232148
83,53,277
57,14,63506
9,26,336828
20,22,262829
50,20,76953
29,35,217546
2,39,308568
19,30,600
7,3,645474
60,29,54440
26,38,96269
41,26,81701
14,20,370297
5,43,137273
36,45,255
33,39,12719
21,31,79623
46,33,1073
38,1,565792
53,75,1
27,38,135352
20,83,1
30,1,337768
14,46,85673
26,42,166
53,18,245556
91,26,1
9,51,125133
40,20,1
4,33,194258
19,33,159879
26,93,947
26,2,476624
26,53,901
53,26,1237
41,13,156787
84,100,2
5,29,163643
29,5,168344
11,28,42411
41,20,2
31,84,2
11,44,2
55,29,79588
29,55,83924
33,20,103226
80,6,218
14,41,3
12,37,166921
92,77,4
26,69,4
39,21,164817
28,35,162116
23,61,341
25,21,64893
25,9,109087
76,40,94384
31,54,5
54,31,5
64,6,375552
35,28,157665
37,20,180572
59,39,6
66,92,7
26,92,3865
72,71,8
27,64,8
20,41,8
17,25,83955
34,80,28555
75,25,83986
7,26,320065
26,7,314844
28,92,15433
31,26,29418
71,33,451
45,7,99676
26,31,29010
4,52,12
1,6,689068
49,40,12
46,69,12
69,46,12
58,20,26923
20,46,108280
29,100,14
8,38,381106
14,12,355897
94,75,90
75,8,186117
14,24,422040
75,27,2347
35,68,129760
19,28,213251
22,29,192874
12,29,457
33,26,137955
66,47,15
61,15,80215
81,63,308
29,22,183399
57,8,91161
15,57,127209
37,26,172862
1,28,505780
63,1,386702
27,63,3888
4,57,125282
34,8,183607
99,9,193
25,24,1879
65,25,172138
24,55,67948
100,46,128
60,9,247968
70,9,235358
79,9,187986
46,82,312
68,45,24303
64,21,111339
34,71,27756
52,78,255
46,34,67105
9,98,82890
100,28,81
81,28,1431
21,36,196537
46,24,78219
9,64,227714
83,34,272
40,9,239151
36,9,340908
68,71,7
72,40,68246
33,25,109481
93,33,182
62,60,152
24,33,126228
23,93,1213
78,30,110
27,25,298597
30,99,151
9,3,606391
30,9,339427
28,80,6988
82,67,40
81,99,2176
58,35,27687
81,9,65612
3,19,363702
9,35,204081
61,99,10391
34,3,153503
26,49,5251
9,63,48971
24,3,435394
36,68,354
43,40,40574
25,71,74410
71,25,80011
26,36,56042
34,93,300
32,82,9928
36,71,2
34,43,21329
26,57,316
16,30,73758
6,82,64761
30,93,114211
25,45,72814
2,30,351302
28,94,4775
94,8,149188
24,87,42920
34,46,67100
61,46,168
46,80,237
80,61,49
28,46,4804
20,1,1078549
39,72,47698
100,25,277
45,79,22
51,100,592
98,21,64512
80,46,519
25,100,229
27,81,5178
81,27,5165
64,62,236
71,15,37540
63,7,72669
66,15,15030
98,64,1702
64,98,1557
79,45,189
49,8,226238
78,5,168097
93,62,283
60,98,363
78,40,5297
78,79,28
6,62,112784
43,74,1942
98,43,28
15,71,38015
67,33,154
33,67,150
54,47,219
78,52,231
40,72,75402
32,23,175568
23,32,179220
43,15,91706
67,14,108148
1,67,417987
61,19,49966
19,63,52541
4,15,509656
25,1,662504
19,67,53540
22,34,1477
19,34,125573
65,17,105496
23,64,77456
34,12,199819
4,97,80463
14,67,111048
24,12,28518
22,24,54474
34,19,127945
81,4,68552
97,4,80957
96,63,219
63,51,327
4,19,305961
83,4,39885
72,5,49048
24,22,60540
1,75,340320
66,4,162627
75,4,51443
47,33,59130
4,86,135347
65,33,115
83,1,333549
19,4,317377
86,4,135807
18,12,41
19,66,100267
1,34,309632
51,15,74167
74,67,211
1,71,300651
33,19,158636
4,66,160107
75,50,19901
28,65,47818
4,81,68364
65,28,44812
33,86,110
12,55,58
55,97,153
17,65,105020
63,4,97391
75,46,5075
28,1,501040
15,82,61754
94,24,35495
63,19,51634
47,19,85789
12,47,158518
4,89,78482
12,75,73772
65,22,66025
28,19,215205
1,49,302402
4,75,51505
4,77,160111
91,86,190
92,62,48
49,38,29994
38,49,31685
1,46,407823
15,100,90058
19,91,65795
75,89,134
12,49,121779
37,27,123349
1,25,663298
4,83,40683
16,28,217469
12,15,208801
12,51,86445
29,15,258218
15,29,247059
16,7,479266
34,38,110266
29,50,110122
2,21,725123
43,2,409152
12,19,217739
12,43,60947
28,12,174899
15,30,4330
30,2,333291
19,14,279562
66,19,106994
9,2,1006006
15,28,196587
27,12,338793
20,9,40851
12,38,203499
2,9,997570
12,20,697183
38,34,110344
6,2,1014894
14,30,48
20,38,103820
29,9,360147
49,17,81361
15,49,66247
68,15,20249
15,46,125208
35,71,23283
5,79,41
32,21,277031
2,84,141736
32,5,429983
4,2,919012
10,30,46164
84,69,64
21,11,277999
51,5,32196
5,51,33838
30,32,3434
32,30,3235
5,35,138512
24,39,266
2,35,273012
5,30,178193
6,27,124847
79,80,94
47,91,20
51,86,52
8,12,398958
12,8,396473
47,87,210
81,49,54
61,86,56
46,87,60
68,87,62
33,24,122280
66,12,76716
30,15,4051
20,24,349901
30,24,2990
34,27,109092
2,29,365037
90,15,10689
66,40,170
25,30,179928
49,25,119441
15,25,185474
5,12,860957
17,8,294859
56,39,140306
39,56,137999
39,17,30803
18,17,975
18,24,297
51,87,88
46,66,166
61,51,10
18,27,332190
17,75,105745
18,47,121641
71,19,49513
8,17,298161
38,22,136119
33,18,260758
17,38,274331
50,18,112175
77,18,39478
18,33,270451
18,38,260646
67,17,83342
75,17,107704
57,18,58457
18,51,135163
18,8,432858
38,17,270990
24,14,436075
17,67,79154
46,18,113967
22,38,131527
18,77,38808
47,14,104991
97,1,78623
38,12,204162
18,89,39059
18,71,65143
63,18,62741
46,17,80906
46,25,107987
18,19,362977
17,46,82122
19,77,121838
18,57,60638
74,18,115341
8,18,443582
17,47,93704
82,18,15802
18,65,99092
43,18,144625
19,47,82877
18,55,16010
38,18,257726
18,61,44776
100,15,91050
82,1,91098
19,86,66607
18,46,118535
71,18,62146
1,74,148950
1,18,884504
18,94,44824
100,57,1085
19,87,64699
19,89,31765
17,100,179
67,65,1297
86,18,45851
82,19,50369
94,18,42982
1,89,207301
47,17,95724
17,28,141380
18,83,24381
18,63,62900
91,17,105873
18,49,156940
18,82,15529
66,17,163427
28,18,350459
83,18,23613
18,86,43607
51,18,128017
89,18,37649
87,17,78392
17,91,106359
65,18,100796
14,65,12116
17,80,219
67,18,100268
17,66,165662
17,51,72637
19,12,214296
18,43,144054
74,1,155924
51,17,70334
18,74,114867
17,58,136441
43,1,355609
61,18,45101
19,100,83871
100,19,84979
75,24,40493
46,51,861
71,22,50716
47,46,344
18,1,874872
89,50,55
58,82,48
37,57,93
83,25,40463
8,22,289817
100,91,54
47,49,1342
58,24,73127
4,61,167311
65,57,222
100,47,205
77,49,121
77,91,63
77,87,63
75,77,6229
75,38,65
46,49,418
83,86,65
12,73,86426
73,18,52893
94,34,3676
43,24,45440
51,24,68230
43,33,100218
63,24,20487
37,34,63861
89,24,28585
34,54,94776
12,42,259088
38,45,386
51,38,252
29,63,79322
29,4,313
52,56,411
56,52,545
27,7,24135
11,36,50545
36,11,54595
17,24,857
47,51,1124
51,47,305
38,8,394179
34,24,8571
12,25,192
63,28,2034
16,90,108
90,16,63
63,83,180
47,50,237
57,19,100175
46,57,293
50,29,111101
12,66,77611
4,51,188810
47,4,285813
49,12,120563
49,46,265
47,57,330
1,63,384548
50,38,7681
14,66,33755
36,41,268608
45,68,27539
90,1,52
38,47,10353
63,30,38558
46,8,172607
47,8,162085
49,57,457
63,68,157
58,34,80376
24,8,387683
66,29,114564
13,63,74404
32,36,178173
36,32,180198
63,29,91547
27,37,127131
4,63,97424
68,2,228659
8,19,283359
19,8,284147
19,38,125771
46,15,121816
63,8,186210
34,1,303728
7,38,243109
8,66,110877
7,37,245943
37,7,239839
63,57,442
1,20,1070320
29,8,91065
8,4,490566
80,51,623
38,14,233289
15,47,80317
83,19,11740
12,46,108695
8,16,390853
16,8,397097
37,8,217089
63,27,3591
1,57,283735
15,2,706588
38,57,138
29,68,55665
68,29,56824
4,68,75126
15,68,21662
63,15,56173
15,63,55403
57,68,481
63,34,367
83,45,266
46,30,60034
1,68,214249
68,1,211672
2,45,306534
46,27,114894
9,45,271144
35,7,226830
30,57,41192
57,30,41626
23,2,640630
7,24,824533
2,5,791620
21,68,41279
2,63,108953
63,2,102864
49,27,92009
35,2,295215
2,57,225314
57,2,236389
19,68,199
2,36,445505
49,37,163
47,68,210
39,2,292504
2,11,748590
11,2,701850
38,15,125828
6,68,98920
68,6,99331
24,20,351377
27,17,294822
12,90,129
7,66,185371
16,49,60775
28,2,370306
35,15,1231
2,37,254696
68,7,12513
37,24,106835
8,45,151389
15,45,80413
47,35,54
14,7,607794
19,16,220652
20,45,2234
51,2,191091
20,4,383547
14,27,296123
47,2,260067
5,45,149916
19,45,63696
57,20,16732
68,24,50
24,68,337
21,46,3481
45,34,72850
68,11,218
6,63,85291
2,34,419481
6,4,735354
36,15,69171
23,15,227486
15,39,32977
39,15,32618
11,15,270895
35,14,669
5,63,60625
2,20,249258
20,2,247628
6,1,695105
6,19,471358
14,2,389692
47,6,124506
19,32,55594
23,49,1079
34,5,343041
55,5,26457
29,36,45486
9,16,208686
47,11,47170
23,9,619979
14,8,496147
37,29,127734
35,36,39076
63,32,84
24,66,51069
47,63,102
36,2,429113
63,12,33296
32,2,465012
38,28,151566
46,14,86014
30,27,137974
27,30,140699
7,68,12861
45,8,161905
32,35,118
16,9,198356
36,34,37077
39,27,86
17,34,38626
1,37,568392
8,63,188621
34,4,204805
8,37,211191
30,4,139558
4,14,677305
45,4,146258
27,66,93982
57,7,185539
5,15,458257
12,45,68891
2,14,385063
66,14,34593
51,27,109083
68,8,69211
2,49,180807
45,11,33179
45,24,8272
27,2,352165
36,46,504
6,66,22821
39,24,81
41,14,42
57,46,104
8,47,164337
45,2,333167
8,15,219683
15,8,218555
68,47,43
27,29,207573
19,2,365948
57,16,7934
4,36,137514
36,21,195947
68,37,169
68,46,414
68,4,74466
30,46,62322
24,15,148170
2,28,370580
45,15,84142
45,47,44
9,15,574899
38,2,206569
34,9,59670
66,6,22338
7,8,684996
1,47,375340
45,63,429
51,14,63136
46,68,1001
8,68,69761
7,19,532983
30,19,1030
46,16,72716
16,46,77348
30,38,44562
47,16,95966
2,24,315632
15,11,272310
3,32,280980
36,57,45
24,9,325279
14,36,12840
24,51,68841
37,45,43681
57,1,281548
37,46,2284
57,12,43994
28,20,193540
46,35,41068
8,30,36470
14,63,9034
63,14,9659
30,36,53558
15,16,145199
9,1,493976
57,5,11410
11,47,48720
81,68,376
1,8,399970
34,66,47437
34,47,106312
8,7,674129
35,1,289298
29,17,47
34,63,207
9,68,130343
4,37,193747
37,4,188001
24,7,822524
68,21,40997
12,7,878379
30,7,248530
7,45,92994
4,45,137168
68,34,47
34,45,69441
11,68,47
9,4,719267
2,7,557315
79,12,112
57,63,158
47,83,242
34,57,3588
4,24,502025
7,63,74843
68,57,180
27,51,114099
29,2,386146
37,47,4926
7,29,340139
16,57,8440
2,38,202930
15,5,461868
47,9,96384
19,7,537065
20,51,105982
37,2,256782
14,15,308719
20,66,64637
35,34,86
17,68,429
36,30,50640
15,36,68635
36,29,43260
12,41,100211
12,36,38415
7,32,54449
19,51,72130
63,37,562
2,81,181070
4,21,263873
2,8,345805
30,17,50
32,68,234
9,34,63104
27,6,124770
6,34,95894
36,8,35512
5,20,284779
36,16,50
8,57,89689
20,19,368597
21,63,46680
12,68,203
11,45,29558
36,63,51
7,11,152547
16,32,51
49,51,1165
8,46,176435
1,12,656357
34,37,63868
16,35,117335
20,12,702994
20,17,620608
45,16,55234
34,35,205
9,47,100675
11,63,614
37,11,38926
24,21,51874
23,12,214976
41,78,53
28,49,91697
47,15,78421
1,35,291330
15,38,127826
15,12,205813
45,57,319
66,20,62884
47,45,53
63,21,45350
15,7,464210
17,49,85584
19,37,116736
12,63,32386
45,46,180
68,12,223
57,32,54
57,47,500
9,37,65734
12,21,95297
50,49,880
14,57,63283
29,27,212548
20,14,373457
14,35,683
11,7,154068
45,37,44591
62,6,109353
57,24,42212
17,20,606253
9,24,323066
29,37,120650
9,29,346356
63,36,58
9,49,54436
11,8,183603
51,20,105811
35,21,47954
30,12,376
2,16,297190
32,57,120
36,37,207
11,49,36278
32,12,115531
49,50,519
57,17,35437
29,3,34746
37,19,112611
57,9,151069
32,63,178
2,41,489528
17,33,225
47,7,295088
40,2,231051
15,35,4146
3,79,3340
37,5,174088
40,16,250
3,35,106163
57,34,3694
16,83,32943
1,2,780357
33,9,232992
16,23,53181
49,14,117800
3,15,379981
1,9,485938
9,19,299294
10,34,202900
25,15,185497
3,23,461745
35,25,143136
35,12,253
57,23,200
90,40,64
25,90,806
90,25,891
23,10,529713
2,19,356227
32,45,254
23,24,92333
17,32,128036
34,50,46460
90,3,66
12,27,335609
90,12,337
57,90,130
14,90,331
40,57,66
24,11,161337
50,90,54772
90,14,67
50,52,388
1,23,296603
5,90,67
32,1,196520
52,24,132
83,37,361
1,29,357561
3,90,68
90,29,124
12,30,360
3,12,402948
24,58,72596
4,34,201077
10,11,670936
16,2,292680
19,23,156020
41,16,69
40,17,69
5,57,11737
49,16,57862
19,6,466284
57,40,114
29,11,5997
55,80,161
14,86,44
25,18,82648
58,38,206
24,80,57496
3,45,413076
45,3,453123
22,86,63935
8,25,338507
24,97,70039
49,86,167
43,46,391
54,67,874
28,25,162973
28,66,274
18,58,127758
38,97,5712
87,1,124047
1,55,267180
33,17,246
49,89,390
72,78,161
4,55,184781
1,61,211017
58,1,374112
46,55,275
63,91,13
77,15,114270
78,32,19231
62,72,49703
62,3,79666
49,66,752
65,86,22
89,8,119260
80,1,129198
18,34,108124
8,67,272100
67,86,94
19,18,361947
43,19,105396
74,49,35968
33,49,50622
75,57,35
37,67,13476
18,45,632
51,25,102396
78,62,108
47,86,103
36,10,429008
56,41,1045
15,61,80445
38,19,129861
9,10,756267
18,37,139382
65,24,59655
87,14,20436
67,87,40
97,24,73050
75,91,41
17,7,643860
38,65,686
89,25,3173
8,75,185493
74,65,194
22,83,42266
38,89,225
87,19,68417
43,17,36178
66,87,342
63,49,257
1,22,668316
43,61,1355
62,10,316672
51,19,69788
82,8,61903
57,87,122
1,65,342974
1,13,493161
61,49,154
71,49,580
6,10,817066
74,75,269
17,74,58
81,65,58
13,49,89335
50,51,1675
15,77,115889
10,23,530597
12,18,1659
37,25,126394
91,25,119672
62,32,82513
67,47,63
73,25,134682
89,49,365
75,67,292
54,71,170
88,77,64
61,24,253
82,77,65
22,89,44202
32,64,36523
74,24,66125
47,55,65
46,67,141
82,47,65
91,66,561
36,62,84615
19,55,114243
74,55,57173
94,65,67
71,65,132
17,71,67
18,3,723248
75,58,1103
38,25,135137
54,42,281
22,8,280365
64,32,36766
22,75,40361
94,86,68
43,21,97723
46,42,99326
15,67,411
47,66,75
63,25,3460
15,62,93373
3,25,176098
57,100,309
50,87,70
8,55,231927
61,1,212535
22,16,432219
97,100,132
86,17,548
58,67,7306
97,25,121827
22,1,657826
38,100,71
15,86,130
67,24,42949
32,62,81321
10,92,90547
49,33,43570
26,1,494927
13,34,210412
56,84,677
24,18,7398
94,67,320
68,26,51239
97,67,73
98,10,61455
10,98,61777
42,34,69042
62,68,73
97,86,74
89,47,74
62,36,84189
92,10,90574
28,87,12538
38,37,7337
74,58,950
97,12,78269
87,77,76
15,24,153290
26,8,251453
13,38,74191
18,16,795895
34,68,567
10,62,313899
86,19,73020
22,95,23681
43,66,362
16,42,1461
42,20,8595
14,43,62475
87,66,140
75,86,28
50,80,2600
80,50,2801
22,17,112134
80,57,43
18,80,45038
17,12,1914
57,55,54
57,61,55
55,57,56
7,73,1300
61,57,85
67,16,43327
17,53,254493
7,42,49702
53,87,69
22,67,71
67,42,71
57,80,105
20,42,2352
66,86,72
75,55,3089
55,17,2108
53,17,260828
53,67,1491
53,49,13762
86,14,399
17,86,157
42,53,945
42,7,52478
7,54,2059
24,67,41367
22,27,218315
73,42,1885
7,67,89839
67,7,90921
14,73,45416
17,22,112478
22,54,90882
7,80,185946
7,44,870144
44,73,415
22,73,38050
87,54,91
27,22,235322
14,87,23737
28,13,233799
17,54,167924
26,14,165092
75,42,96
22,58,109483
73,17,43940
14,94,535
42,12,265026
38,26,101305
97,55,241
42,80,32751
44,22,48955
55,65,8895
93,100,46
100,12,18760
64,9,229525
51,89,279
23,79,63
23,78,47487
78,23,46325
100,51,539
61,93,223
27,61,2652
4,25,276161
89,37,70
40,29,92252
49,71,338
58,80,20500
80,58,20189
54,14,101889
18,22,308826
4,67,110677
45,13,274389
35,13,1028
18,35,122589
40,62,82396
13,17,46958
41,62,15275
72,21,154838
68,3,280511
62,21,149517
18,68,24945
100,4,160260
10,100,54
47,18,115189
9,21,507897
13,68,130482
14,45,31728
3,47,188476
73,67,3539
3,24,435077
26,3,516785
19,43,109327
26,62,11614
37,13,368482
21,26,158796
56,62,117
3,63,252169
18,26,1493
78,9,157935
3,38,224966
3,86,195
13,3,547995
13,6,556712
37,65,5528
18,7,629981
65,14,12093
73,34,23094
3,13,537497
63,13,72821
37,49,417
21,62,144897
15,81,101
42,25,131523
3,67,114882
37,87,101
13,87,101
19,10,291146
88,37,1327
19,81,713
18,15,228674
17,88,103
13,66,244
65,38,1335
13,24,183423
3,87,35809
72,10,452656
53,38,238
26,72,202
10,57,48367
42,65,247
15,18,233694
3,34,157158
42,55,39824
2,10,745152
13,67,24524
3,80,247
10,3,532683
3,49,172879
21,25,67160
50,65,4185
21,72,154047
21,4,269516
1,54,609234
54,1,622793
89,19,31655
100,1,90793
16,19,221805
65,34,90560
4,18,1018424
24,1,639317
13,19,227127
38,46,6277
71,38,571
94,38,335
46,54,9076
54,46,9444
38,55,7249
55,38,7396
91,1,121115
12,100,17618
38,87,6414
87,38,6831
55,89,50
89,55,50
26,89,12191
89,26,12178
30,58,38647
1,26,491602
1,88,353634
58,74,543
13,18,386164
100,83,84
19,3,362795
43,28,122777
13,15,181172
63,96,682
68,28,3676
74,19,91350
15,13,181784
15,3,379200
3,68,265311
1,80,131299
22,19,230025
68,83,209
19,74,89663
96,83,102
19,25,197927
1,45,370698
65,12,54784
67,25,1307
18,4,1006067
71,28,2540
1,91,125411
58,49,15039
66,58,201
11,10,669434
34,10,197679
30,10,44926
10,58,45264
10,61,45684
10,39,475575
61,10,47941
10,70,40463
70,10,40942
10,42,22808
10,4,629437
42,10,22164
10,9,746158
25,51,102332
27,39,3
91,4,142757
81,37,235
58,13,28239
80,24,60061
4,80,68908
80,4,68629
25,46,100407
41,43,727
37,81,407
55,24,69241
22,26,47245
11,60,35261
3,18,740202
71,4,99737
16,71,38518
13,5,663112
18,93,549
67,38,1350
12,67,58993
4,91,141017
41,82,10644
38,54,274
44,12,308087
41,47,661
75,93,228
3,43,284362
73,27,1470
68,13,126773
41,77,111
60,45,2909
86,12,33941
54,77,2189
32,86,113
55,47,250
73,68,115
77,47,116
34,77,2832
91,100,116
26,66,117
3,55,68924
10,77,279
49,47,711
73,38,118
73,100,118
12,2,414809
91,12,59872
16,47,94929
41,91,119
67,12,57703
58,46,3913
4,58,94941
73,13,5102
34,2,411368
54,37,8304
12,44,306580
81,3,258272
12,81,291
26,67,584
8,58,226137
2,72,213221
42,13,65060
2,13,728075
45,67,123
81,45,312
22,46,97076
97,38,5684
13,4,637221
37,93,124
41,49,204
42,27,3971
22,47,52278
38,33,43336
64,2,251506
47,26,347
55,86,490
22,37,156566
39,10,486178
37,18,136783
10,36,440400
13,45,250402
84,10,160369
26,15,135434
17,3,224309
13,21,193609
21,13,190615
19,26,126290
10,84,160028
2,33,382023
15,26,132360
43,12,61018
10,78,94503
26,17,268834
10,26,191614
10,49,58671
1,94,324075
89,38,65
51,1,332283
1,100,94824
15,66,14898
92,15,120895
38,3,221763
17,35,282
33,21,100769
27,67,26784
81,1,113782
19,9,296984
1,70,91964
56,21,117219
19,80,52436
53,15,15359
1,30,341980
73,15,39225
80,19,54706
1,81,115424
45,1,390436
66,1,159943
15,42,318953
55,19,120195
1,66,161705
22,94,49085
26,43,103876
26,47,232
21,33,106691
21,52,114470
54,18,127667
82,15,63390
17,37,130582
37,17,132298
39,82,262
1,73,348783
95,1,226668
73,1,353195
15,72,101090
18,13,377889
2,62,238116
63,89,120
18,100,35997
19,54,59093
26,100,224
15,9,567439
54,19,60553
28,57,89117
15,65,154
16,15,147932
86,1,121559
21,43,99067
15,53,15900
16,65,56557
18,54,126665
28,21,84946
1,86,123930
7,18,630730
1,95,225310
19,58,47679
21,35,45908
21,28,86507
27,19,307672
42,15,322672
19,27,306019
60,1,155437
15,73,38544
58,19,47183
15,51,75481
15,34,74898
22,15,228966
15,22,228112
20,15,118339
51,4,190173
35,32,80
15,85,49
78,21,63502
43,55,219
45,12,72239
17,26,273842
45,38,114
75,14,58662
14,78,120
9,66,7009
93,2,306481
14,93,613
57,39,132
14,42,230289
66,13,202
34,61,37
43,83,1
79,62,1
22,77,31486
74,86,9446
28,60,588
28,81,1733
47,54,187
35,49,859
43,80,4
30,80,5
22,13,199529
70,25,7
88,95,363
61,68,804
32,26,38013
49,60,184
60,43,95
26,55,156
43,14,63434
51,43,505
38,43,895
70,36,14
93,57,189
33,60,330
43,38,451
81,11,17
79,5,379
61,54,19
43,79,94
56,23,1540
52,1,25
80,33,149
77,33,29
54,68,32
43,58,1663
80,30,34
95,4,2956
73,83,178
70,13,93040
38,35,1862
95,7,57
49,22,72852
44,2,60
61,43,1499
2,88,30263
73,7,2154
56,79,359
22,49,73963
36,60,431
4,35,250
92,9,74
33,63,317
42,73,716
98,36,85
7,2,550581
25,82,86
23,98,37269
25,22,2991
43,57,187
95,96,3213
73,65,93
65,15,93
22,82,37460
60,70,430
47,22,53855
70,35,117660
72,23,40283
39,45,104
26,81,42357
77,34,3054
91,46,107
71,54,256
13,54,81843
67,71,241
68,78,166
4,43,233946
66,49,972
54,33,44711
43,4,227770
15,60,9034
93,35,999
96,95,3131
75,26,255
13,26,250481
47,71,118
77,29,116049
82,43,324
21,92,109612
7,88,36508
35,82,9575
10,2,734134
27,77,10145
22,81,15426
78,45,302
43,49,297
82,84,3974
27,95,123
35,4,166
44,42,762
1,93,870
71,13,43460
51,68,124
70,60,449
60,2,268785
54,28,96505
61,20,126
51,46,127
81,96,293
33,83,229
23,57,296
10,72,445713
88,1,355140
16,88,55084
83,26,485
24,43,48705
43,68,367
21,93,44268
80,38,8006
65,46,129
30,78,289
80,54,2054
52,33,202
52,57,129
37,88,130
33,46,579
96,71,130
35,50,7455
43,39,594
35,96,423
83,46,1087
46,83,1080
21,60,63242
62,5,103223
39,60,577
45,56,131
35,86,131
67,94,452
49,83,133
28,61,1902
26,88,133
37,53,788
43,94,307
66,54,133
10,93,619
45,84,133
79,68,272
24,93,397
88,33,18480
21,78,62554
9,82,78008
5,61,31925
22,51,112456
1,51,328668
83,13,54995
50,54,15113
20,94,10152
38,63,310
38,53,710
33,75,135
97,51,135
22,33,190527
33,22,187834
20,65,7544
98,93,323
35,47,135
23,68,1319
7,61,24156
62,92,277
51,22,112375
50,22,95892
25,94,45944
37,68,278
33,37,78767
51,54,1789
11,78,38684
34,82,136
86,54,291
43,54,446
32,93,592
2,42,123990
16,75,30921
60,84,137
29,87,137
56,93,310
20,67,77873
51,13,59733
33,53,137
52,68,270
27,83,45027
37,73,138
81,93,568
43,93,696
88,45,454
65,20,7570
42,50,102000
43,67,138
57,60,138
36,13,52504
41,83,305
79,56,139
39,36,314
36,64,1416
83,28,920
83,33,172
46,43,308
68,93,408
95,13,4420
42,94,139
27,65,18090
30,49,17268
35,67,308
7,93,2411
41,63,320
70,93,276
86,38,5307
38,42,595
45,78,501
92,60,140
73,50,30756
52,93,140
49,53,13566
56,45,1074
22,45,214
25,93,291
52,84,145
82,61,456
74,83,141
92,93,141
45,88,141
43,60,207
39,78,141
79,93,141
35,42,7695
22,53,136342
57,54,272
35,57,6381
43,73,2352
4,60,72063
86,20,44041
9,83,318
10,46,63187
77,57,213
68,60,142
73,94,142
43,77,317
37,42,1002
40,78,7069
4,93,53615
11,93,610
93,46,315
7,77,40903
61,7,23281
44,65,211
46,78,314
27,93,256
23,46,311
23,71,142
93,60,298
88,7,36786
79,78,143
46,88,320
13,93,35811
22,96,18318
47,27,150452
33,55,568
33,78,143
61,11,8466
27,70,143
39,46,317
24,90,183
14,13,205476
7,74,29368
80,8,143335
24,42,185238
20,80,56803
70,7,14371
32,24,102
80,47,482
80,20,53455
70,54,8034
70,27,147
78,99,15
83,89,60
99,6,15212
6,99,13418
99,23,4895
70,99,2267
80,25,182292
99,56,196
78,6,107251
67,66,80
66,80,270
67,89,178
79,64,73365
10,64,105727
2,99,349
45,60,2636
23,60,51000
29,38,121319
62,99,14687
45,99,65
32,79,50
25,42,130324
99,32,82
3,16,630895
49,35,673
45,77,72
16,55,124270
42,86,896
16,80,1127
16,43,49117
15,99,21653
15,78,11120
23,13,221140
3,64,147303
64,45,287
99,16,16
16,99,191
40,99,2711
45,82,15
55,45,15
99,78,112
70,6,123608
13,99,386
54,99,420
80,55,149
80,67,1884
87,50,17
70,2,149501
11,72,50428
99,72,14443
66,16,276
99,15,21925
72,4,21453
51,99,17
45,32,17
72,51,17
12,71,36068
71,12,35983
87,49,415
71,87,265
87,16,3856
54,45,82
52,62,14959
49,4,217158
32,99,112
99,39,136
99,13,1074
83,56,60
78,72,112
61,39,507
72,25,66
61,26,106
83,43,70
82,21,1537
68,61,241
37,56,81
54,12,129284
37,64,324
64,37,324
99,45,346
70,23,25676
64,47,113
99,12,116
99,54,1457
16,73,74
29,51,144235
54,94,76
82,57,163
55,66,107
71,63,167
8,71,126837
38,50,7446
99,5,143
5,99,58
2,61,307863
67,1,421120
38,66,11324
38,7,243504
33,30,190542
89,27,58
38,80,7365
83,35,57304
6,70,119685
61,30,40326
94,12,38695
42,8,230284
83,47,297
4,87,122808
66,28,507
63,38,341
83,16,32083
66,33,206
34,100,123
34,33,20482
75,12,71401
16,89,17161
89,16,17259
49,15,64918
55,71,223
87,28,12564
100,24,14555
80,89,128
71,80,98
61,35,40015
37,51,3656
26,82,13920
15,87,63
33,12,50941
71,16,37044
99,81,1998
28,14,215979
67,15,210
51,16,39147
16,51,40085
33,16,110274
16,66,468
80,16,982
16,87,3427
16,86,2244
43,16,48457
16,82,6955
15,64,3867
64,15,3748
45,39,31
44,25,150991
33,5,103977
70,16,440
16,70,869
8,92,2161
51,6,129572
5,28,252150
9,42,534
9,38,42986
23,54,151
20,92,1228
12,6,401103
39,12,78
27,60,2
9,99,226
49,87,459
61,80,27
24,81,702
51,55,5714
81,24,345
63,85,14926
85,63,14913
51,71,36
67,49,36
67,80,1844
25,44,153126
34,55,117064
55,46,459
99,29,38
78,39,64
44,67,39
46,61,40
49,94,576
58,33,3985
32,78,19335
33,58,3672
79,2,123989
30,66,88
36,35,38671
79,7,43
87,4,121606
58,87,3939
87,58,3673
45,36,45
6,49,99706
82,29,483
66,9,7663
9,28,211938
71,2,97427
38,51,257
61,25,52
33,14,145032
78,42,52
49,9,59962
33,6,262803
35,63,49732
66,90,58
24,53,155045
22,11,89983
13,29,79653
11,22,93975
71,27,56686
15,23,230957
71,94,228
39,61,68
54,63,73
6,57,152716
11,71,5659
6,78,117386
6,87,4100
49,79,82
12,23,204631
38,4,203873
58,55,20483
11,46,39324
27,71,59197
67,100,89
87,61,222
70,56,90
98,100,91
12,33,51609
79,4,167
24,4,492343
28,9,220366
4,39,31414
64,10,108564
66,46,428
51,9,122445
28,79,3208
74,34,9803
87,26,103
29,66,120649
14,3,426533
57,82,113
2,78,198471
57,26,286
26,46,90679
4,78,77640
67,11,5717
4,64,13966
98,33,121
10,45,52706
71,11,5838
14,77,10386
70,15,269
12,84,175
11,12,773574
11,67,5843
63,67,128
100,93,128
22,93,571
2,65,65446
3,57,122752
43,36,303
14,60,804
5,49,42388
45,93,1911
2,46,283103
22,10,93436
60,32,27420
46,10,60060
5,67,577
67,63,294
43,23,45480
35,83,60564
22,5,207309
6,14,198471
2,91,10801
81,35,73433
87,93,138
13,2,730205
11,73,253
2,27,349231
47,36,140
10,22,95965
22,43,136692
43,22,131686
9,43,232370
38,93,142
90,27,143
47,100,143
81,2,176924
54,81,143
5,13,631289
2,90,143
42,93,143
46,93,144
51,93,144
20,55,72671
6,33,271965
43,11,9086
79,51,560
23,47,453
10,12,276558
90,46,39064
2,68,222775
64,93,1094
24,61,287
79,83,289
91,87,499
41,93,717
45,54,334
81,22,14663
22,2,199285
34,36,37347
53,47,148
32,60,29269
1,39,81014
30,50,311
3,92,72665
22,21,55844
7,10,253478
17,11,874821
54,13,82291
5,22,210690
19,11,183511
42,51,84723
26,83,907
82,90,27612
71,86,80
54,100,84
49,82,85
1,82,95877
92,23,2842
7,55,290591
55,7,289156
83,49,97
80,66,341
25,72,247
100,54,110
72,32,73816
92,36,116
36,92,116
15,55,95263
82,38,368
35,85,131
85,35,131
83,79,431
8,50,121290
85,49,17652
85,46,31710
46,85,32197
82,85,21514
49,85,16959
85,82,21795
25,85,763
85,25,1100
99,43,331
26,19,122576
14,4,665702
57,21,19477
46,89,311
75,74,250
15,75,19825
97,15,21704
15,54,29068
15,97,20787
65,19,59567
13,88,74119
54,15,29623
47,28,86120
19,65,56914
17,45,41250
4,29,139
36,82,281
62,100,139
25,19,203370
43,29,224365
45,83,310
23,62,58195
1,60,155478
87,91,495
65,75,304
53,86,147
7,21,309778
91,89,283
19,42,284956
34,94,4018
47,89,154
19,20,359838
2,1,777659
87,89,277
7,15,466264
78,10,95481
51,10,44954
10,33,78010
14,6,195508
34,32,40242
11,55,6276
32,34,40225
14,39,3292
52,10,143357
33,10,78096
11,66,121
10,28,140425
10,51,46144
32,38,129
43,32,8268
72,37,133
10,55,133
10,63,455
5,55,29404
5,66,27163
7,23,55934
61,32,139
23,7,55337
10,52,146280
20,3,371794
3,11,457919
6,67,5235
5,86,291
68,10,46112
25,23,52007
4,22,600254
23,43,42902
23,66,337
20,56,148
5,24,335662
13,7,506883
25,10,61441
12,32,109752
60,5,152618
12,60,294
17,43,35087
43,6,208827
20,43,50594
32,7,56090
10,68,48827
13,10,237675
10,25,61695
57,72,167
47,5,89839
10,7,252857
10,13,228042
20,62,158
23,20,30694
92,1,65296
32,46,40
38,6,83586
24,23,97455
21,19,230538
17,2,167126
6,38,84906
44,17,433294
38,72,90
10,41,393853
43,10,120616
41,10,394467
10,43,116515
21,20,88804
2,25,320086
20,21,87539
26,10,192998
82,33,66103
46,100,124
62,15,95683
72,1,62148
65,1,343192
1,77,187264
43,27,83360
10,14,337245
17,44,424098
96,1,233314
50,89,142
9,17,330007
23,65,291
59,15,105489
50,58,11500
10,19,288324
17,9,309934
14,54,100899
70,28,150
1,36,127940
14,10,338128
15,59,102389
15,92,113934
18,21,152
21,17,304819
27,75,3110
42,1,479456
77,1,189294
95,75,157
1,96,236608
67,83,157
1,72,61665
36,1,130970
1,42,468873
24,75,40232
49,77,159
42,19,289425
8,21,105602
21,8,109769
32,17,130322
50,6,130552
7,58,12532
42,38,226
17,93,235
45,14,34303
61,2,307947
17,61,413
42,87,9474
52,4,494
21,27,52231
54,22,93072
7,22,463635
55,58,20516
25,54,134419
54,49,12461
92,66,104
42,24,190951
42,67,542
54,55,8339
20,87,15773
60,10,52704
20,60,292
52,60,40763
52,2,195614
60,14,800
55,43,133
43,5,133400
17,55,135
21,64,111380
12,54,123583
84,24,136
20,75,3600
22,18,303622
58,22,104344
60,12,145
80,18,43134
49,5,39382
65,54,6101
23,27,829
20,78,151
39,66,151
55,2,87381
55,53,35365
22,42,90032
9,20,43940
21,42,156
65,67,783
7,65,55318
58,86,158
55,54,8345
54,24,90812
20,49,117854
45,55,315
56,55,160
13,73,4996
13,12,538902
25,47,91794
57,33,65589
41,45,437
13,51,62014
40,13,63
53,41,71
50,47,176
33,57,69956
25,57,78777
13,90,68
54,4,98745
21,86,262
44,13,116599
32,66,108
10,47,27308
93,12,119
9,67,123
25,37,127179
92,59,138
13,82,48654
68,25,139
32,33,4261
60,23,48589
92,14,4451
26,63,6843
92,34,1775
78,13,62162
2,3,703796
68,23,436
2,74,2988
2,73,18526
2,86,15103
62,11,97174
13,47,101422
22,62,157
92,47,158
5,93,15097
13,46,80113
41,3,379863
23,86,159
22,61,47744
97,93,160
7,82,5772
92,33,162
23,3,465503
11,33,677
9,65,163
9,93,127585
6,46,191258
23,4,338425
31,34,24399
34,31,23759
45,17,44612
23,1,302566
10,24,143547
14,62,72
38,11,45609
11,38,48193
89,22,43264
5,89,326
22,6,53252
10,69,174035
69,10,175823
33,2,404511
4,49,217147
52,43,460
52,50,392
49,52,82
15,52,89
57,52,97
7,83,54758
25,38,133399
71,47,125
33,38,47695
92,4,81066
4,92,76790
98,45,260
44,99,16
56,60,286
40,14,412
40,1,1322
4,9,722143
19,40,1463
32,29,61271
29,49,149361
14,40,237
35,78,37801
37,60,245
79,49,83
35,64,370
64,35,447
19,64,535
64,19,530
47,64,113
57,6,153880
12,94,39739
27,45,39436
30,52,22405
24,32,151
70,12,111
56,66,131
55,63,1
38,83,241
58,15,24282
86,37,9
51,21,102
55,81,22
96,35,26
45,65,193
49,73,32023
65,26,53
95,35,1604
66,43,340
66,30,61
41,56,1745
86,35,82
83,57,260
42,44,100
25,97,118372
86,34,41152
82,63,110
25,35,123328
28,83,129
7,95,117
23,81,308
46,53,3377
60,36,297
48,6,117553
40,36,308
73,19,13103
25,81,377
68,82,302
86,46,143
61,60,288
38,81,583
43,86,143
78,83,144
82,68,491
92,98,146
57,73,432
16,93,638
61,42,4563
64,81,151
56,81,153
46,81,154
21,61,52329
30,56,37669
24,65,57750
25,83,38862
68,73,155
39,68,155
96,60,156
19,60,331
93,25,156
66,57,157
37,70,157
96,51,158
91,20,3868
61,5,28750
44,38,33164
28,6,203468
78,93,288
33,88,18983
93,45,1876
13,57,42032
69,78,162
35,88,45971
13,53,20383
96,93,349
60,30,169437
29,81,41237
29,42,133374
81,39,165
67,8,261950
10,60,51647
71,21,167
51,84,167
28,77,10899
65,63,334
71,93,241
36,33,30795
9,69,65286
58,94,169
93,68,277
25,58,118691
54,65,6333
2,70,139545
6,81,61368
73,43,2565
66,42,19610
40,43,40612
78,60,170
66,73,170
88,93,246
61,36,170
29,88,4162
35,55,171
81,32,171
6,42,4010
33,73,31395
56,96,172
38,96,337
27,82,173
46,60,173
50,60,173
33,40,2416
13,96,57118
96,29,174
93,78,174
28,42,43154
29,54,46178
7,56,37958
27,88,12649
28,78,175
3,2,707602
24,2,302017
33,52,84
76,5,254201
31,2,98690
24,13,181085
5,47,93216
87,57,167
80,29,69017
4,100,150724
98,32,26357
32,98,25274
10,40,305431
32,84,39992
48,10,271055
76,10,138211
10,76,132302
12,72,88
59,6,15886
10,48,262567
23,72,38733
32,76,20808
45,10,51700
9,59,36762
69,59,5901
48,32,95345
76,39,55408
59,2,71270
23,31,235400
11,51,21620
14,23,169174
92,72,275
23,76,45562
92,17,10782
32,27,737
2,59,68180
9,7,236700
11,42,10738
32,69,23783
48,5,525564
72,100,208
5,62,108039
2,40,234599
37,10,55250
49,10,57401
14,32,54111
3,62,78715
59,69,5891
32,49,166
3,72,49197
23,56,168
58,2,77523
47,72,168
6,59,14891
27,72,168
60,62,324
61,12,393
31,59,23704
52,36,269866
68,14,172
7,62,172
10,8,154160
43,72,173
78,7,174
62,59,174
10,37,56468
14,33,137638
82,99,23275
16,97,1046
55,16,122887
11,57,33
35,92,36
92,35,39
77,2,133922
49,28,86680
87,46,49
16,100,854
6,12,395043
40,47,57
25,33,116958
25,4,283481
90,33,59
4,90,59
25,3,172072
47,93,61
24,36,61
30,33,194653
90,47,62
47,13,96043
15,90,9700
4,23,330633
47,23,66
49,23,66
90,34,67
90,49,19416
49,2,179877
23,33,52053
1,33,376801
21,82,1443
83,99,81
56,83,81
2,77,136523
2,66,66220
56,37,117
59,93,256
37,99,129
60,34,134
13,42,62579
4,84,54642
27,26,140183
2,71,97788
6,65,2537
44,15,24506
20,100,158
11,3,440359
7,60,158
26,32,37292
2,54,67609
60,4,75356
13,77,22051
11,77,321
78,2,209861
61,14,329
7,35,236590
11,65,169
44,58,354
4,56,1014
77,4,167032
6,93,120159
20,93,172
36,100,172
6,43,210459
5,100,712
16,60,367
36,77,175
13,55,25977
2,53,1598
60,13,74961
6,100,7100
34,60,178
4,54,99468
3,70,267237
65,7,55043
55,1,266244
27,100,175
13,70,84573
49,42,58633
65,44,68
84,28,2961
28,84,2909
7,89,5247
89,87,102
25,75,88473
42,57,64458
49,80,11100
80,49,10991
55,77,190
77,55,115
93,77,172
77,93,117
46,6,191496
38,10,104564
25,89,3176
55,8,229174
44,1,198149
58,89,140
10,38,106502
46,90,39703
71,89,379
61,72,150
10,27,122456
32,19,56583
17,42,147051
21,71,156
1,78,116132
15,56,208
17,78,321
25,66,155084
21,49,165
21,67,165
50,75,20809
60,27,166
21,55,340
24,94,35527
32,47,168
4,6,733408
20,50,76869
21,65,178
43,89,172
83,7,52674
19,83,12369
43,8,147270
51,94,361
37,75,1390
10,54,178
70,1,100584
55,28,49884
16,18,810579
25,49,116777
89,29,11703
46,37,2256
61,16,7969
30,39,76972
5,83,365
39,55,44
56,15,56
2,64,241583
77,64,351
57,42,64145
43,64,300
64,43,354
57,64,268
46,64,131
64,46,132
74,66,134
64,3,150335
64,57,268
66,5,24937
67,53,654
66,74,169
89,64,493
24,85,292
85,90,855
29,77,109998
86,80,60
25,65,165342
80,12,43381
8,89,114590
24,86,44248
73,54,247
89,83,133
87,80,35
65,74,154
71,29,116416
42,54,198
65,8,205744
96,33,66491
33,96,59548
3,96,159041
96,3,161324
22,55,102107
68,43,67
62,64,197
77,66,147
8,83,111661
8,49,223271
36,79,158520
74,7,27869
58,83,183
63,3,249701
37,3,308816
22,71,50481
71,58,8947
28,67,11177
38,86,5292
90,89,51232
37,85,168
53,8,228763
51,80,674
62,2,250954
89,20,44232
54,29,42263
75,13,28674
30,8,35734
4,73,46280
72,15,104358
65,13,22448
78,15,11015
8,2,348457
82,5,8854
84,15,48000
15,79,69
20,32,7387
51,32,35
32,51,35
51,7,221673
7,51,222456
35,20,119567
2,51,191475
28,32,84
32,28,85
32,20,7182
26,20,152453
15,20,115646
51,39,41
12,26,204064
30,73,20560
39,57,45
73,8,129501
73,28,82372
28,73,78252
58,51,10022
51,58,9277
8,26,249789
8,5,356407
5,8,369805
61,48,60
78,35,39413
90,24,149
82,64,64
48,61,65
64,77,350
79,46,375
46,79,254
51,40,91
40,51,94
64,33,97
33,64,97
13,64,21902
64,13,21102
94,23,101
15,93,440
82,27,102
15,94,278
96,64,106
64,96,107
50,40,107
94,15,108
82,72,110
72,82,110
64,82,138
85,24,112
63,64,571
40,50,114
62,63,116
63,62,116
64,63,581
66,50,123
79,26,78101
29,64,268
51,64,290
64,51,283
32,92,1632
28,72,127
72,28,127
25,78,127
72,36,59922
36,72,60727
64,61,128
64,29,266
72,92,129
56,40,170080
61,64,133
28,64,300
83,40,139
39,83,141
62,23,52093
53,70,142
70,64,143
70,8,143
70,53,143
98,6,192979
87,82,144
64,70,267
8,70,302
82,39,424
39,87,146
93,64,314
70,100,219
82,20,11785
29,61,165781
35,27,134176
35,70,109621
98,55,149
62,70,150
63,81,363
75,65,203
98,60,379
27,35,137787
55,98,151
98,62,218
81,25,152
83,81,153
81,83,153
64,89,487
60,21,63873
46,32,154
62,93,311
15,89,6867
70,62,155
72,34,310
34,72,311
60,93,362
53,83,156
64,68,156
64,8,156
62,98,157
30,16,72507
64,83,157
25,98,478
98,25,477
87,71,312
68,64,158
83,64,158
71,7,97426
28,45,79951
8,64,303
87,55,160
55,87,161
26,64,19566
64,28,161
63,65,162
50,30,162
45,85,346
85,45,347
25,63,3369
90,37,165
93,6,122197
85,37,167
64,26,20537
82,46,172
94,87,174
87,94,174
93,23,796
5,33,98649
92,3,72881
3,85,183
85,3,183
25,2,322905
24,54,89355
92,99,15917
43,7,186249
7,43,184949
52,35,10554
7,70,10482
25,60,7788
79,28,3151
4,40,17090
29,39,53831
93,1,1
58,18,123526
9,79,197441
9,81,69683
40,35,74006
35,40,74164
25,40,57
91,14,41307
1,87,124204
27,18,337475
2,94,22036
31,70,322
93,8,141
77,63,146
21,83,325
3,75,82926
7,57,185096
2,83,85617
4,79,161
7,100,6754
21,77,166
23,82,13153
19,94,33033
7,86,106571
18,25,75865
9,25,106795
36,31,133458
38,30,47405
54,43,183
4,94,67487
29,79,45987
56,10,217667
3,7,640511
33,11,334
3,37,309908
3,27,368768
27,3,365566
53,22,141781
22,100,13233
100,22,12710
22,50,97495
42,22,89903
46,22,96963
22,87,58051
87,22,56777
77,22,27768
85,1,165
19,73,13351
1,85,162
17,73,43587
75,94,257
2,67,70511
65,94,191
5,82,9213
14,72,156
41,19,11366
1,40,1088
32,55,95
89,46,118
78,1,120041
27,10,123350
4,38,210931
82,41,10585
19,53,31004
55,21,171
19,82,50442
83,41,174
63,10,175
14,83,179
7,75,184
68,41,187
2,55,84546
52,12,171
36,24,179
14,75,59211
21,14,156543
81,17,188
23,55,188
23,67,192
6,55,24824
22,7,451682
44,80,195
9,14,248860
80,53,22399
80,15,15008
15,80,14723
12,80,46768
47,80,166
11,25,39928
82,59,205
31,28,457
28,31,461
48,78,173
78,48,174
79,17,71
33,13,71083
99,31,297
64,31,148
31,99,290
49,43,311
6,83,10432
80,17,119
1,79,158
44,89,175
79,13,283
79,19,64
19,90,65
79,10,66
10,79,66
25,5,156323
79,3,3538
47,79,233
83,2,82056
11,100,389
6,17,433595
31,21,78415
28,43,127023
27,47,146373
49,54,12597
46,2,273490
13,79,160
79,47,161
79,37,163
27,46,116084
5,65,502
79,43,157
2,43,411137
13,14,205417
43,59,5
3,94,75785
9,94,334
94,9,147
9,48,127382
48,33,238
94,3,74949
3,48,128150
12,3,399594
13,39,43226
39,13,41738
6,37,137063
37,39,149
27,43,83324
43,9,227306
39,43,172
4,47,286417
39,8,9601
47,20,139581
6,13,541604
66,2,71049
70,31,115
19,31,2619
31,19,2659
7,9,234184
36,48,97763
31,13,92073
15,31,62457
31,15,64739
5,25,157893
98,17,178
19,59,279
9,89,13791
89,9,13487
57,35,4645
39,3,126435
5,38,87951
43,3,275705
54,80,1784
5,54,18919
54,5,18549
37,71,7593
58,43,1627
63,31,1
27,86,16040
52,64,37841
54,92,11
98,9,80255
3,9,597866
93,40,21
40,93,21
18,87,53243
100,18,36126
7,47,295519
29,25,172901
47,32,78
29,7,344995
9,33,232236
43,25,73379
44,4,92884
35,38,1814
57,37,45
83,51,30
60,15,8948
22,25,269
60,78,390
12,99,17
55,51,5715
94,49,40
58,42,3662
42,6,4028
58,11,3721
21,84,57719
41,36,274807
17,92,12406
21,38,54412
38,21,51945
36,17,45948
42,14,234402
75,29,49129
29,75,48140
52,30,24694
11,98,52004
32,31,125694
22,32,41598
32,22,43816
69,32,23242
10,20,77869
20,10,73111
21,22,57447
85,77,50189
77,85,51893
40,64,54992
81,15,171
82,26,13639
14,100,725
48,36,91444
53,19,30977
60,17,42512
17,40,6
48,4,61799
4,48,59236
69,43,409
43,69,410
56,31,51885
97,18,72174
18,97,73035
43,37,40462
15,41,82788
42,58,2843
32,3,279149
44,14,208805
15,44,22047
5,64,201668
59,63,2
24,71,35460
71,24,34638
18,67,97806
67,6,5078
24,10,140004
57,10,48552
20,23,29802
27,21,55608
47,10,26210
3,71,125406
71,3,121010
4,82,147731
22,14,717063
81,29,40192
2,82,222974
82,2,217811
18,29,213251
58,4,97322
50,73,31132
71,14,8638
2,98,117081
13,58,28333
26,73,9494
73,26,9338
47,73,3975
73,47,4020
42,47,129502
45,29,83860
61,9,164612
77,27,9091
86,7,106018
91,27,12840
74,15,28144
42,4,340916
55,20,69363
73,14,45249
20,57,16080
26,22,49055
64,30,2845
30,18,169156
2,58,75306
26,12,198114
33,79,41048
2,18,564487
29,10,67935
29,40,85620
36,12,40882
68,81,225
86,87,74
46,77,100
56,98,73
87,24,43551
3,81,254092
12,91,62663
97,17,56979
25,91,117077
12,65,65269
12,97,77570
9,60,248589
49,65,3868
71,57,94
2,60,257648
40,56,166145
64,56,2389
61,4,166048
94,25,41303
81,13,96615
65,89,64
94,7,3017
71,67,200
62,40,79545
26,70,149270
70,26,157155
82,28,14521
65,71,61
63,61,75
13,83,56192
60,3,286658
3,60,285138
72,64,2783
3,61,157804
13,43,81223
13,33,72303
56,70,155
71,55,93
13,60,75035
3,46,203915
46,3,196506
7,46,242355
71,42,11930
72,2,217012
46,13,76828
97,46,45
71,26,10991
53,50,13963
20,71,25643
3,54,206464
21,81,38396
24,88,9465
3,42,169716
7,87,68983
53,3,103749
3,56,284212
56,3,282566
16,91,3138
63,6,85053
32,43,7905
9,71,14109
79,33,42017
83,6,12896
6,71,56355
40,4,17759
56,7,39945
16,56,182
24,56,649
12,40,14686
40,12,15553
98,5,43045
5,98,41300
94,27,2960
37,54,7997
27,94,2957
36,98,28
9,84,144122
87,34,56293
56,36,194323
93,21,43620
84,64,2548
64,84,2460
21,98,64371
84,62,4101
81,77,100
86,89,73
84,2,137814
62,78,9
93,4,55724
87,81,496
19,78,165
96,84,3
84,60,5
94,100,12
8,86,106503
60,39,19
89,4,79485
24,100,15827
22,4,596969
65,4,111127
97,34,36159
96,4,69083
89,67,33
2,92,278178
82,3,96445
34,58,78578
4,65,109890
86,91,83
80,91,44
100,49,87
96,13,56933
86,77,47
67,4,111576
96,2,88665
96,26,98
12,77,33675
82,93,50
60,35,91984
4,95,2995
60,68,221
100,81,130
3,78,296002
51,3,179281
65,68,161
3,98,157377
98,3,158750
78,19,80
34,89,26047
95,24,926
88,22,43076
94,4,66916
3,89,91919
28,22,224942
68,22,50836
24,95,1077
22,3,393136
8,82,59638
22,74,21767
89,65,40
22,88,43861
22,68,52276
3,83,129031
73,22,40934
89,3,92010
33,8,216828
81,100,89
3,95,116525
81,34,45
82,22,34777
62,57,114
3,82,99508
22,97,81256
3,39,125644
94,22,49939
88,3,144568
88,14,4082
81,5,30250
8,13,254074
3,77,80239
97,22,78955
75,22,40007
8,61,86254
24,74,62758
8,43,145627
61,8,86154
3,88,146144
100,8,65630
88,65,103
24,73,32602
86,49,209
8,88,106350
33,3,226211
22,91,55936
95,65,62
3,74,26067
61,3,151615
54,57,70
9,61,166585
74,22,20534
86,65,64
8,100,66200
4,88,25458
74,3,24806
83,3,126343
95,3,114347
88,4,25721
77,3,78188
4,70,44166
5,81,31591
19,97,43417
97,19,43789
86,97,62
33,89,21
39,62,73531
100,21,131
87,3,36803
84,4,55450
98,4,10777
84,83,2
87,15,6
94,33,8
94,19,32721
2,96,91219
84,13,17391
2,89,69537
77,12,33438
61,13,65561
78,11,40065
81,21,38676
87,2,50269
68,89,61
82,13,46938
2,52,194482
2,100,111457
65,93,64
13,89,43828
13,61,66136
33,93,211
73,4,48207
70,4,47665
89,13,42927
89,2,69162
2,87,52253
65,49,3844
75,63,1
22,63,60270
83,24,24321
33,45,42664
97,28,1679
72,9,94775
87,68,77
8,93,859
3,22,399341
88,28,84296
28,82,14557
51,75,907
63,88,7
60,89,9
49,13,87759
37,95,142
26,75,16
51,62,17
66,22,51275
77,8,83058
16,22,446356
83,22,44078
8,77,82542
83,73,36
92,2,274246
91,22,50319
47,38,11190
24,89,28565
43,35,79882
93,3,163187
77,13,21902
95,22,26606
88,13,73225
60,57,224
4,72,21794
96,65,50
88,18,12891
18,95,2858
77,24,20182
4,98,10876
16,81,2715
86,22,54712
100,9,39796
22,66,53065
18,88,12927
95,18,2656
92,100,57
55,22,96206
100,16,916
24,82,60
3,36,205659
55,13,26124
8,96,71457
89,54,62
77,81,62
13,94,22272
13,65,21768
54,2,67224
22,65,66150
96,89,132
75,33,64
55,42,40639
95,89,11598
58,73,65
4,74,64274
95,8,96836
91,8,103013
55,4,177705
55,75,3156
33,100,67
36,23,606514
43,26,105067
94,73,68
81,67,648
8,94,138768
8,95,95771
74,4,67502
83,93,141
16,3,617425
87,65,70
63,42,146
47,37,4602
65,37,5310
82,96,71
83,42,71
8,91,101968
37,74,71
94,14,71
83,8,110157
88,89,72
82,49,72
15,91,72
91,49,73
63,100,73
43,13,81236
86,8,107402
67,73,3344
96,38,73
13,75,29075
68,94,73
75,3,83659
45,42,73
71,74,1330
24,77,19529
91,94,74
75,15,20604
84,45,240
2,47,257376
75,2,29945
88,27,12441
88,42,75
97,49,75
49,96,75
88,34,239
13,78,59825
13,22,215093
3,93,162924
18,96,1688
26,65,76
9,100,38774
14,37,77746
54,17,166007
14,58,79476
37,14,79495
5,80,99
49,58,14359
65,55,8762
65,27,17064
54,51,1663
68,27,6963
65,80,11455
53,65,2296
68,42,102
80,65,11509
67,37,13167
73,55,4070
55,73,4289
81,42,545
87,27,9381
42,81,504
81,6,63004
67,81,591
27,87,10133
37,58,14642
75,51,1057
65,51,3985
51,65,4140
34,73,22627
12,9,340891
42,2,123778
56,13,28029
100,72,87
2,75,29423
13,23,217963
49,11,34247
100,2,110940
74,12,106555
53,13,20054
36,4,137026
64,4,13141
13,32,100845
67,13,24279
73,12,85969
92,12,22401
12,92,20927
12,74,108457
13,36,52217
38,13,74468
53,4,55031
47,42,129234
8,9,383171
95,26,4696
8,42,226202
58,3,111808
3,66,51573
14,88,4257
88,26,231
3,8,511644
97,68,94
24,83,25241
47,3,182445
8,97,85517
82,78,99
3,84,121002
54,95,256
16,61,7714
97,8,86804
3,44,60730
3,58,112915
89,96,116
14,9,240048
87,8,115785
3,51,183937
84,57,121
100,26,183
37,33,78629
78,3,307832
72,3,49526
93,16,124
88,8,106732
8,87,115200
42,3,169004
44,8,121962
9,72,98765
78,61,126
3,20,376162
49,45,127
8,44,118465
78,82,128
46,9,188540
92,19,1242
19,92,1185
14,44,205906
81,33,60265
88,29,3696
51,74,3677
73,33,28166
83,27,41892
28,44,5304
29,86,94633
74,51,3223
35,61,45814
45,25,75463
35,73,37658
80,42,32892
39,29,54601
44,28,5438
33,44,4070
65,2,67335
29,56,54723
29,80,72208
60,25,7930
29,65,67809
33,32,3810
74,43,2027
30,74,2674
74,30,3078
74,33,4558
86,29,87644
26,95,4863
61,27,1991
49,74,34370
35,52,10533
29,44,5658
33,36,29773
42,35,9407
86,42,894
95,33,6089
35,44,6017
27,91,13829
67,2,70451
28,97,1711
96,9,916
21,29,91507
44,66,295
75,30,45013
42,30,14886
80,27,61768
91,42,809
56,30,36113
35,95,1744
33,74,5416
29,97,31096
42,66,20251
82,6,64166
23,37,13821
44,35,5625
33,95,5684
44,33,4062
44,29,5584
42,91,837
49,6,105817
52,28,28139
38,9,42583
46,73,41752
87,7,67402
35,19,5149
42,77,18028
71,9,15346
71,6,57979
43,95,9315
95,43,9371
95,29,7822
77,42,17864
74,13,55
51,37,3329
33,7,289707
43,42,18873
71,20,24447
74,25,130123
7,33,287871
18,2,549446
13,74,286
25,74,132936
42,43,19712
53,55,33272
14,22,711515
4,41,279466
17,97,56239
18,75,90880
11,61,7323
24,26,67616
74,81,102
75,18,85116
14,92,5276
46,11,40392
83,88,114
100,3,85979
73,2,18071
66,3,51678
3,100,91256
73,3,40583
49,3,170306
26,24,69378
9,22,166943
13,8,260078
2,22,195730
2,97,10315
38,5,85099
57,81,454
8,81,68637
77,9,12243
22,9,164372
9,77,12797
72,6,110135
82,9,76022
51,78,150
72,41,9897
81,95,6163
99,41,11908
58,50,11387
90,63,10758
85,86,13584
63,95,4890
85,20,229
85,68,6768
54,50,14814
99,35,14438
74,71,1287
28,86,7972
95,46,10054
25,73,131719
63,90,10819
68,85,6694
86,28,7569
77,95,6636
90,67,9895
41,72,10372
64,99,93
95,81,6200
85,89,63658
73,71,10275
85,96,11135
74,50,16073
35,99,14816
77,28,11194
95,63,4705
90,94,14345
67,28,11016
89,85,63669
94,90,14115
43,90,7236
67,90,9594
85,87,13450
85,6,3066
67,85,3813
85,65,7702
65,50,4152
86,85,13345
86,90,16412
85,94,12041
85,61,12240
85,67,3594
87,74,4120
95,77,6555
95,50,52276
90,43,6995
72,99,14826
90,81,3960
95,12,10321
65,85,7409
50,74,16441
62,41,15055
25,95,37316
12,95,10522
85,71,18669
95,25,35978
87,85,14119
71,85,18499
50,95,52383
94,85,12147
90,87,25179
96,85,11302
90,86,16337
6,77,30175
99,62,14841
46,95,10016
81,90,4025
90,61,8596
61,85,12735
95,99,150
90,50,54577
99,92,16138
61,90,8732
77,6,30247
74,87,4097
87,90,25646
99,61,10277
91,85,9961
75,19,19756
46,75,5043
27,32,604
80,7,189141
21,59,22788
59,48,6192
36,14,14175
17,84,20054
48,59,6910
84,17,19934
62,1,64589
1,62,65106
17,56,46749
56,17,49726
14,84,386
84,20,111
20,84,112
92,20,1344
84,14,575
27,80,61436
22,12,146594
4,62,73349
12,22,150613
41,12,97226
51,11,21329
62,4,77474
4,44,92330
2,69,48534
2,31,97930
69,2,48340
78,33,8
28,96,52
61,81,58
65,45,71
36,38,78
55,68,206
81,8,70363
22,20,251019
92,8,2151
65,16,55034
3,65,112315
38,68,271
41,70,106
57,3,115912
41,33,16960
77,38,249
67,54,954
8,11,179959
65,73,136
42,45,286
98,68,140
41,46,140
84,68,141
41,100,144
93,81,149
5,77,8149
44,26,40003
41,68,313
6,22,52432
14,81,505
67,3,113683
44,45,158
92,81,159
66,63,161
26,77,13061
55,3,67124
75,16,30386
18,81,2310
36,3,204684
92,68,165
3,53,107069
44,57,165
20,81,167
65,3,106836
42,33,81650
88,63,169
3,73,44552
67,68,169
88,81,170
84,3,126002
43,41,170
78,57,170
3,52,97923
17,60,37194
30,22,178405
36,52,270384
74,29,58745
29,13,76408
43,88,13180
35,22,106043
26,33,143076
30,88,47634
65,29,65830
76,23,44030
28,74,66091
95,30,43442
25,43,78842
35,41,22214
95,28,71643
35,58,30171
28,88,82350
35,43,84780
93,9,124226
84,36,47405
22,57,65734
29,74,62159
29,67,57202
35,51,37823
28,95,70633
67,29,55194
29,71,118636
74,28,63669
35,33,139949
88,43,13768
83,29,64327
38,29,120801
36,84,46050
66,44,297
29,91,39980
76,6,38750
2,79,121666
29,45,79547
88,2,31108
6,76,37406
80,22,160052
69,36,8465
57,22,62603
58,30,36056
57,27,77086
88,30,49270
60,52,38648
31,79,107210
7,91,43034
76,9,63373
37,22,155868
29,32,62872
79,35,63770
10,29,69429
42,28,42433
73,30,21342
28,52,27719
35,79,65143
69,9,71789
6,72,109996
73,46,40467
77,25,48868
51,73,15139
35,60,79302
5,76,251374
50,35,7032
9,31,232246
33,54,42651
66,7,184014
26,58,22586
75,28,47488
33,42,83272
22,35,104886
31,36,134392
28,75,47938
97,29,30602
40,33,2243
35,23,86035
35,56,6958
18,30,165977
30,75,41559
39,33,11637
29,18,214760
73,35,32485
61,29,170162
37,23,15500
30,83,86642
56,29,53839
91,7,41870
36,26,55601
30,95,44282
33,27,116012
93,29,53376
22,30,171011
23,35,86019
35,18,125576
29,43,221529
58,29,62426
25,80,177459
79,36,159426
79,29,43435
27,57,73725
31,9,243433
30,61,41986
29,95,7841
41,35,21671
33,41,15752
40,84,63825
25,77,47098
29,83,58611
86,2,14476
89,73,5624
73,89,5181
28,85,14668
29,89,11576
46,86,116
14,89,15705
89,12,17452
85,91,9752
85,74,160
89,14,15363
20,85,170
85,73,205
80,90,176
42,11,10194
97,2,12212
20,86,45669
100,7,5857
20,97,874
87,42,8927
100,6,2794
20,91,3489
42,61,4620
93,7,1817
82,7,5793
96,7,944
77,75,6222
7,96,1251
27,97,7058
2,80,7277
97,27,7126
8,6,364065
89,7,4396
77,14,10237
77,5,8237
3,29,36427
56,1,143971
91,2,8879
80,2,6560
7,97,17481
47,74,31399
18,9,1366
55,74,56358
74,47,33322
57,74,261
74,57,235
9,18,1548
18,44,1733
6,8,367536
74,14,62609
67,20,77922
44,74,123
44,18,2183
40,24,19310
47,53,141
24,40,18266
44,49,339
18,5,3110
14,74,60190
5,18,3061
47,88,174
28,100,25
97,16,973
74,2,2652
73,90,713
91,73,81
91,16,3224
95,73,114
97,7,18087
6,85,3155
95,6,13349
77,7,40489
15,95,11404
44,55,89376
15,96,163
6,95,13516
77,50,167
95,15,11577
77,53,171
14,85,174
77,26,12597
1,56,140088
63,99,178
97,3,9229
11,70,134
8,60,509
49,81,319
3,97,10093
8,36,35521
6,89,16203
11,81,353
8,78,707
32,81,166
10,81,340
23,89,349
49,68,173
24,78,373
9,54,182
24,60,379
9,8,388034
84,70,185
60,28,187
44,37,189
75,7,190
45,94,190
9,86,190
8,23,184048
14,70,168
59,77,176
7,78,185
59,68,185
5,73,189
22,60,190
9,58,589
48,99,193
24,84,195
17,64,31536
64,17,28480
52,17,56314
17,52,65001
1,31,81695
2,48,85277
48,2,82059
12,83,91
74,42,121
48,3,140279
76,2,46854
2,76,47589
69,4,14880
4,69,13813
31,68,281
96,8,71868
73,57,140
49,30,17057
31,1,82350
46,21,3146
34,74,9231
34,88,90
57,13,41392
67,93,269
63,22,58785
100,14,219
82,16,7908
62,84,3909
88,24,9591
86,16,2017
34,92,1585
13,84,16406
23,36,601093
73,58,67
6,73,97
80,71,72
55,67,2164
67,55,2135
42,68,212
100,5,159
13,41,156829
26,51,33619
35,93,958
49,26,5011
100,11,210
58,26,21838
95,68,8170
89,95,11662
43,85,2390
82,35,9759
90,65,10270
96,90,5806
61,95,4342
68,95,8413
50,85,48321
85,43,1976
71,95,12573
90,96,6070
99,50,15563
50,99,15352
81,85,14685
95,71,12340
65,90,10184
90,71,14820
71,90,14640
85,81,14648
95,61,4422
85,50,47560
22,44,48016
41,4,272780
12,64,423
64,12,390
12,48,11249
48,12,11857
41,81,226
26,44,39798
88,35,43580
61,22,43530
33,35,142058
9,76,61397
91,29,37590
42,29,142003
45,33,46325
86,74,9316
55,44,84141
42,97,7157
85,26,9577
26,85,9749
27,33,116265
82,95,2269
75,49,11373
95,82,2251
49,75,11710
46,58,3717
73,77,21344
77,73,21241
56,8,29321
60,8,321
8,56,28455
22,78,359
15,58,23002
69,3,522
100,77,120
13,95,4219
13,92,7382
92,13,7790
75,37,1187
87,6,3740
58,6,250
6,58,291
15,84,48551
21,47,342
47,21,350
55,33,385
56,35,6208
9,96,922
99,49,356
49,99,444
89,90,50827
95,49,6196
49,95,6294
76,32,19943
5,58,14465
8,32,40381
32,8,41738
53,46,3535
77,54,2050
46,74,3736
74,46,3455
89,15,6627
81,73,3799
73,81,3756
14,95,5108
95,14,5199
3,69,678
8,31,714
31,8,776
7,31,23243
16,96,8645
96,16,9378
58,9,400
58,5,14045
8,10,151536
96,5,3597
5,96,3459
89,74,1988
74,89,1835
82,73,12759
82,23,13008
84,82,3990
12,82,9355
73,82,12676
20,82,11909
1,64,707
64,1,757
31,7,23833
19,35,2104
77,16,7952
62,26,11263
75,71,5412
94,20,10159
20,77,6439
77,20,6461
55,6,24143
32,77,9366
77,32,9527
82,32,9862
89,35,11689
1,92,65189
2,95,371
95,2,410
81,87,513
65,6,2200
84,46,1623
46,84,1770
89,6,15886
41,99,11771
20,89,43756
87,20,15214
55,49,3713
73,87,9768
87,73,10008
99,82,23467
90,82,27566
93,5,13679
19,41,11692
26,84,7405
1,84,14328
84,1,14572
99,77,28528
84,26,7257
53,2,1337
56,64,2352
64,72,2777
42,100,12042
100,42,11956
48,1,2806
1,48,2883
55,11,5962
16,68,12917
68,16,13027
90,77,46794
77,90,46817
31,14,45200
14,31,45466
68,18,26693
96,22,17549
81,18,1269
96,18,1327
8,39,9519
41,17,25712
17,41,27440
62,13,22299
13,62,22112
39,14,3297
31,17,77871
94,2,22743
41,1,131796
1,41,136411
88,16,51247
